1,admin,admin123,ADMIN,Administrator,admin@gym.com,0123456789
1513,coach_1513,pass123,COACH,arbcman,efdvdzg@gmail.com,01122132343
7909,coach_7909,pass123,COACH,tamer elgayar,gayaar@gmail.com,01113674228
783,mem_783,pass123,MEMBER,mehany,2144@gmail.com,01174589224
7910,test,test,ADMIN,ahmed noor eldeen,ahmednooreldeen@gmail.com,01164890442
8237,coach_8237,pass123,COACH,undertaker,under@gmail.com,01248756924
7598,mem_7598,pass123,MEMBER,abu trika,dasfghjy,01093576679
7562,coach_7562,pass123,COACH,moza,moza@gmail.com,01046728334
8238,Admin,Admin,ADMIN,Admin,Admin@gmail.com,01256684387
8239,user1,user1,USER,user1,mldasko@gmail.com,012758359897
9620,mem_9620,pass123,MEMBER,kota,kot@gmail.com,012354785955
9621,kareem,123,MEMBER,kareem elrayees,elrayees@gmail.com,01235467889
1186,mem_1186,pass123,MEMBER,Ahmed,Esmaiel,0109213415
